Title,Synopsis,Links
Les Guetteurs,"
Perdue dans une forêt, Mina trouve refuge dans une maison déjà occupée par trois personnes. Elle va alors découvrir les règles de ce lieu très secret : chaque nuit, les habitants doivent se laisser observer par les mystérieux occupants de cette forêt. Ils ne peuvent pas les voir, mais eux regardent tout.
",http://www.allocine.fr/film/fichefilm_gen_cfilm=313418.html
Paradis Paris,"
Perdue dans une forêt, Mina trouve refuge dans une maison déjà occupée par trois personnes. Elle va alors découvrir les règles de ce lieu très secret : chaque nuit, les habitants doivent se laisser observer par les mystérieux occupants de cette forêt. Ils ne peuvent pas les voir, mais eux regardent tout.
",http://www.allocine.fr/film/fichefilm_gen_cfilm=317098.html
Juliette au printemps,"
Perdue dans une forêt, Mina trouve refuge dans une maison déjà occupée par trois personnes. Elle va alors découvrir les règles de ce lieu très secret : chaque nuit, les habitants doivent se laisser observer par les mystérieux occupants de cette forêt. Ils ne peuvent pas les voir, mais eux regardent tout.
",http://www.allocine.fr/film/fichefilm_gen_cfilm=315190.html
HAIKYU!! La Guerre des Poubelles,"
Perdue dans une forêt, Mina trouve refuge dans une maison déjà occupée par trois personnes. Elle va alors découvrir les règles de ce lieu très secret : chaque nuit, les habitants doivent se laisser observer par les mystérieux occupants de cette forêt. Ils ne peuvent pas les voir, mais eux regardent tout.
",http://www.allocine.fr/film/fichefilm_gen_cfilm=320615.html
Gloria!,"
Perdue dans une forêt, Mina trouve refuge dans une maison déjà occupée par trois personnes. Elle va alors découvrir les règles de ce lieu très secret : chaque nuit, les habitants doivent se laisser observer par les mystérieux occupants de cette forêt. Ils ne peuvent pas les voir, mais eux regardent tout.
",http://www.allocine.fr/film/fichefilm_gen_cfilm=317502.html
Love Lies Bleeding,"
Perdue dans une forêt, Mina trouve refuge dans une maison déjà occupée par trois personnes. Elle va alors découvrir les règles de ce lieu très secret : chaque nuit, les habitants doivent se laisser observer par les mystérieux occupants de cette forêt. Ils ne peuvent pas les voir, mais eux regardent tout.
",http://www.allocine.fr/film/fichefilm_gen_cfilm=303695.html
C'est pas moi,"
Perdue dans une forêt, Mina trouve refuge dans une maison déjà occupée par trois personnes. Elle va alors découvrir les règles de ce lieu très secret : chaque nuit, les habitants doivent se laisser observer par les mystérieux occupants de cette forêt. Ils ne peuvent pas les voir, mais eux regardent tout.
",http://www.allocine.fr/film/fichefilm_gen_cfilm=293829.html
Tehachapi,"
Perdue dans une forêt, Mina trouve refuge dans une maison déjà occupée par trois personnes. Elle va alors découvrir les règles de ce lieu très secret : chaque nuit, les habitants doivent se laisser observer par les mystérieux occupants de cette forêt. Ils ne peuvent pas les voir, mais eux regardent tout.
",http://www.allocine.fr/film/fichefilm_gen_cfilm=319676.html
Excursion,"
Perdue dans une forêt, Mina trouve refuge dans une maison déjà occupée par trois personnes. Elle va alors découvrir les règles de ce lieu très secret : chaque nuit, les habitants doivent se laisser observer par les mystérieux occupants de cette forêt. Ils ne peuvent pas les voir, mais eux regardent tout.
",http://www.allocine.fr/film/fichefilm_gen_cfilm=303461.html
Chandu Champion,"
Perdue dans une forêt, Mina trouve refuge dans une maison déjà occupée par trois personnes. Elle va alors découvrir les règles de ce lieu très secret : chaque nuit, les habitants doivent se laisser observer par les mystérieux occupants de cette forêt. Ils ne peuvent pas les voir, mais eux regardent tout.
",http://www.allocine.fr/film/fichefilm_gen_cfilm=326219.html
Un p’tit truc en plus,"
Perdue dans une forêt, Mina trouve refuge dans une maison déjà occupée par trois personnes. Elle va alors découvrir les règles de ce lieu très secret : chaque nuit, les habitants doivent se laisser observer par les mystérieux occupants de cette forêt. Ils ne peuvent pas les voir, mais eux regardent tout.
",http://www.allocine.fr/film/fichefilm_gen_cfilm=318031.html
Furiosa: une saga Mad Max,"
Perdue dans une forêt, Mina trouve refuge dans une maison déjà occupée par trois personnes. Elle va alors découvrir les règles de ce lieu très secret : chaque nuit, les habitants doivent se laisser observer par les mystérieux occupants de cette forêt. Ils ne peuvent pas les voir, mais eux regardent tout.
",http://www.allocine.fr/film/fichefilm_gen_cfilm=191112.html
Bad Boys Ride or Die,"
Perdue dans une forêt, Mina trouve refuge dans une maison déjà occupée par trois personnes. Elle va alors découvrir les règles de ce lieu très secret : chaque nuit, les habitants doivent se laisser observer par les mystérieux occupants de cette forêt. Ils ne peuvent pas les voir, mais eux regardent tout.
",http://www.allocine.fr/film/fichefilm_gen_cfilm=240014.html
La Petite vadrouille,"
Perdue dans une forêt, Mina trouve refuge dans une maison déjà occupée par trois personnes. Elle va alors découvrir les règles de ce lieu très secret : chaque nuit, les habitants doivent se laisser observer par les mystérieux occupants de cette forêt. Ils ne peuvent pas les voir, mais eux regardent tout.
",http://www.allocine.fr/film/fichefilm_gen_cfilm=317100.html
La Chronique des Bridgerton,"
Perdue dans une forêt, Mina trouve refuge dans une maison déjà occupée par trois personnes. Elle va alors découvrir les règles de ce lieu très secret : chaque nuit, les habitants doivent se laisser observer par les mystérieux occupants de cette forêt. Ils ne peuvent pas les voir, mais eux regardent tout.
",http://www.allocine.fr/series/ficheserie_gen_cserie=23886.html
Becoming Karl Lagerfeld,"
Perdue dans une forêt, Mina trouve refuge dans une maison déjà occupée par trois personnes. Elle va alors découvrir les règles de ce lieu très secret : chaque nuit, les habitants doivent se laisser observer par les mystérieux occupants de cette forêt. Ils ne peuvent pas les voir, mais eux regardent tout.
",http://www.allocine.fr/series/ficheserie_gen_cserie=29999.html
Eric,"
Perdue dans une forêt, Mina trouve refuge dans une maison déjà occupée par trois personnes. Elle va alors découvrir les règles de ce lieu très secret : chaque nuit, les habitants doivent se laisser observer par les mystérieux occupants de cette forêt. Ils ne peuvent pas les voir, mais eux regardent tout.
",http://www.allocine.fr/series/ficheserie_gen_cserie=33572.html
Les Gouttes de Dieu,"
Perdue dans une forêt, Mina trouve refuge dans une maison déjà occupée par trois personnes. Elle va alors découvrir les règles de ce lieu très secret : chaque nuit, les habitants doivent se laisser observer par les mystérieux occupants de cette forêt. Ils ne peuvent pas les voir, mais eux regardent tout.
",http://www.allocine.fr/series/ficheserie_gen_cserie=29935.html
Agatha All Along,"
Perdue dans une forêt, Mina trouve refuge dans une maison déjà occupée par trois personnes. Elle va alors découvrir les règles de ce lieu très secret : chaque nuit, les habitants doivent se laisser observer par les mystérieux occupants de cette forêt. Ils ne peuvent pas les voir, mais eux regardent tout.
",http://www.allocine.fr/series/ficheserie_gen_cserie=30323.html
Twilight Of The Gods,"
Perdue dans une forêt, Mina trouve refuge dans une maison déjà occupée par trois personnes. Elle va alors découvrir les règles de ce lieu très secret : chaque nuit, les habitants doivent se laisser observer par les mystérieux occupants de cette forêt. Ils ne peuvent pas les voir, mais eux regardent tout.
",http://www.allocine.fr/series/ficheserie_gen_cserie=29388.html
Tomb Raider: The Legend of Lara Croft,"
Perdue dans une forêt, Mina trouve refuge dans une maison déjà occupée par trois personnes. Elle va alors découvrir les règles de ce lieu très secret : chaque nuit, les habitants doivent se laisser observer par les mystérieux occupants de cette forêt. Ils ne peuvent pas les voir, mais eux regardent tout.
",http://www.allocine.fr/series/ficheserie_gen_cserie=28266.html
La Voix du Lac,"
Perdue dans une forêt, Mina trouve refuge dans une maison déjà occupée par trois personnes. Elle va alors découvrir les règles de ce lieu très secret : chaque nuit, les habitants doivent se laisser observer par les mystérieux occupants de cette forêt. Ils ne peuvent pas les voir, mais eux regardent tout.
",http://www.allocine.fr/series/ficheserie_gen_cserie=28715.html
